{
 "Cas": [
  {
   "CaseID": "HP",
   "GasFlow": 1700,
   "MW": 2,
   "Z": 2,
   "Pressure": 30,
   "Temperature": 15,
   "Multiflow": true,
   "LLFlow": 1,
   "HLFlow": 1,
   "LLDens": 650,
   "HLDens": 1003,
   "MaxVel14E": 76.0887298330062,
   "MaxVelMomentum": 38.19535763112577,
   "MaxVel": 18,
   "ActGasFlow": 0.6909222172702609,
   "TotalFlow": 0.690945365418409,
   "ReqArea14E": 0.009080784591027393,
   "ReqAreaMomentum": 0.018089773424594165,
   "ReqArea": 0.03838585363435606,
   "ReqDiam": 8.703760742328754,
   "ReqDiam14E": 4.233338824381742,
   "ReqDiamMomentum": 5.974999955185133,
   "DensactGas": 2.5428512699664845,
   "DensMix": 2.5704555974591203,
   "Results": "Case \"HP\"\n    Gas:\n        Gas flow: 1700 [E3M3D] @ Pressure: 30 [kgf/cm2g], Temperature: 15[°C], Gas MW: 2 [g/mol] / Z: 2.\n   Liquids:\n        Light Liquid Flow: 1 m3/d @ 650 [kg/m3] / Heavy Liquid Flow: 1 m3/d @ 1003 [kg/m3]\n   Results:\n        Actual Gas flow: 0.69 [Am3/s] / Total flow: 0.69 [m3/s].\n        Actual Gas Dens: 2.54 [kg/m3] / Dens mix (L/G): 2.57 [kg/m3]\n        Max Vel: 18.00 [m/s] / Max Vel 14E 76.09 [m/s] / Max Momentum (J=Rho*V2) 38.20 [m/s]\n        Required Area: 0.04 [m2] / Required Area 14E 0.01 [m2] / Req Area Momentum 0.02 [m2]\n        Required Diam: 8.70 [in] / Required Diam 14E 4.23 [in] / Required Diam Momentum 5.97 [in]\n"
  },
  {
   "CaseID": "PAMPA_MP",
   "GasFlow": 1700,
   "MW": 18,
   "Z": 1,
   "Pressure": 35,
   "Temperature": 50,
   "Multiflow": true,
   "LLFlow": 20,
   "HLFlow": 300,
   "LLDens": 650,
   "HLDens": 1005,
   "MaxVel14E": 22.657460990981384,
   "MaxVelMomentum": 11.373692627845825,
   "MaxVel": 18,
   "ActGasFlow": 0.6673259818787383,
   "TotalFlow": 0.6710296855824419,
   "ReqArea14E": 0.029616278975368854,
   "ReqAreaMomentum": 0.058998401621966005,
   "ReqArea": 0.03727942697680233,
   "ReqDiam": 8.577405792153835,
   "ReqDiam14E": 7.6451601758195995,
   "ReqDiamMomentum": 10.790497430731067,
   "DensactGas": 23.69488431154321,
   "DensMix": 28.98867017800526,
   "Results": "Case \"PAMPA_MP\"\n    Gas:\n        Gas flow: 1700 [E3M3D] @ Pressure: 35 [kgf/cm2g], Temperature: 50[°C], Gas MW: 18 [g/mol] / Z: 1.\n   Liquids:\n        Light Liquid Flow: 20 m3/d @ 650 [kg/m3] / Heavy Liquid Flow: 300 m3/d @ 1005 [kg/m3]\n   Results:\n        Actual Gas flow: 0.67 [Am3/s] / Total flow: 0.67 [m3/s].\n        Actual Gas Dens: 23.69 [kg/m3] / Dens mix (L/G): 28.99 [kg/m3]\n        Max Vel: 18.00 [m/s] / Max Vel 14E 22.66 [m/s] / Max Momentum (J=Rho*V2) 11.37 [m/s]\n        Required Area: 0.04 [m2] / Required Area 14E 0.03 [m2] / Req Area Momentum 0.06 [m2]\n        Required Diam: 8.58 [in] / Required Diam 14E 7.65 [in] / Required Diam Momentum 10.79 [in]\n"
  },
  {
   "CaseID": "Air",
   "GasFlow": 92,
   "MW": 28,
   "Z": 1,
   "Pressure": 7,
   "Temperature": 25,
   "Multiflow": false,
   "LLFlow": 0,
   "HLFlow": 0,
   "LLDens": 0,
   "HLDens": 0,
   "MaxVel14E": 40.87727927082814,
   "MaxVelMomentum": 20.51975771133724,
   "MaxVel": 18,
   "ActGasFlow": 0.1494618137667292,
   "TotalFlow": 0.1494618137667292,
   "ReqArea14E": 0.003656354249422658,
   "ReqAreaMomentum": 0.007283800124216429,
   "ReqArea": 0.008303434098151622,
   "ReqDiam": 4.048090510712491,
   "ReqDiam14E": 2.6862441070571283,
   "ReqDiamMomentum": 3.791406519799826,
   "DensactGas": 8.906084486979477,
   "DensMix": 8.906084486979477,
   "Results": "Case \"Air\"\n    Gas:\n        Gas flow: 92 [E3M3D] @ Pressure: 7 [kgf/cm2g], Temperature: 25[°C], Gas MW: 28 [g/mol] / Z: 1.\n   Liquids:\n        Light Liquid Flow: 0 m3/d @ 0 [kg/m3] / Heavy Liquid Flow: 0 m3/d @ 0 [kg/m3]\n   Results:\n        Actual Gas flow: 0.15 [Am3/s] / Total flow: 0.15 [m3/s].\n        Actual Gas Dens: 8.91 [kg/m3] / Dens mix (L/G): 8.91 [kg/m3]\n        Max Vel: 18.00 [m/s] / Max Vel 14E 40.88 [m/s] / Max Momentum (J=Rho*V2) 20.52 [m/s]\n        Required Area: 0.01 [m2] / Required Area 14E 0.00 [m2] / Req Area Momentum 0.01 [m2]\n        Required Diam: 4.05 [in] / Required Diam 14E 2.69 [in] / Required Diam Momentum 3.79 [in]\n"
  },
  {
   "CaseID": "PAMPA_AP",
   "GasFlow": 1700,
   "MW": 18,
   "Z": 1,
   "Pressure": 90,
   "Temperature": 50,
   "Multiflow": true,
   "LLFlow": 20,
   "HLFlow": 300,
   "LLDens": 650,
   "HLDens": 1005,
   "MaxVel14E": 14.314750116248637,
   "MaxVelMomentum": 7.185781669510015,
   "MaxVel": 18,
   "ActGasFlow": 0.26414330083636234,
   "TotalFlow": 0.26784700454006605,
   "ReqArea14E": 0.018711259530547697,
   "ReqAreaMomentum": 0.03727458150817015,
   "ReqArea": 0.01488038914111478,
   "ReqDiam": 5.419116493645017,
   "ReqDiam14E": 6.076770769227255,
   "ReqDiamMomentum": 8.576848341239467,
   "DensactGas": 59.8622485924767,
   "DensMix": 72.62451289459987,
   "Results": "Case \"PAMPA_AP\"\n    Gas:\n        Gas flow: 1700 [E3M3D] @ Pressure: 90 [kgf/cm2g], Temperature: 50[°C], Gas MW: 18 [g/mol] / Z: 1.\n   Liquids:\n        Light Liquid Flow: 20 m3/d @ 650 [kg/m3] / Heavy Liquid Flow: 300 m3/d @ 1005 [kg/m3]\n   Results:\n        Actual Gas flow: 0.26 [Am3/s] / Total flow: 0.27 [m3/s].\n        Actual Gas Dens: 59.86 [kg/m3] / Dens mix (L/G): 72.62 [kg/m3]\n        Max Vel: 18.00 [m/s] / Max Vel 14E 14.31 [m/s] / Max Momentum (J=Rho*V2) 7.19 [m/s]\n        Required Area: 0.01 [m2] / Required Area 14E 0.02 [m2] / Req Area Momentum 0.04 [m2]\n        Required Diam: 5.42 [in] / Required Diam 14E 6.08 [in] / Required Diam Momentum 8.58 [in]\n"
  },
  {
   "CaseID": "3ETSTD-1",
   "GasFlow": 188,
   "MW": 18,
   "Z": 1,
   "Pressure": 2,
   "Temperature": 35,
   "Multiflow": true,
   "LLFlow": 1,
   "HLFlow": 1,
   "LLDens": 650,
   "HLDens": 1000,
   "MaxVel14E": 83.89546240270224,
   "MaxVelMomentum": 42.11421582582191,
   "MaxVel": 18,
   "ActGasFlow": 0.836051413001759,
   "TotalFlow": 0.8360745611499071,
   "ReqArea14E": 0.009965670814670634,
   "ReqAreaMomentum": 0.019852549661800337,
   "ReqArea": 0.04644858673055039,
   "ReqDiam": 9.5743124212464,
   "ReqDiam14E": 4.434805846949334,
   "ReqDiamMomentum": 6.259353629849586,
   "DensactGas": 2.091551532841127,
   "DensMix": 2.1143351547363824,
   "Results": "Case \"3ETSTD-1\"\n    Gas:\n        Gas flow: 188 [E3M3D] @ Pressure: 2 [kgf/cm2g], Temperature: 35[°C], Gas MW: 18 [g/mol] / Z: 1.\n   Liquids:\n        Light Liquid Flow: 1 m3/d @ 650 [kg/m3] / Heavy Liquid Flow: 1 m3/d @ 1000 [kg/m3]\n   Results:\n        Actual Gas flow: 0.84 [Am3/s] / Total flow: 0.84 [m3/s].\n        Actual Gas Dens: 2.09 [kg/m3] / Dens mix (L/G): 2.11 [kg/m3]\n        Max Vel: 18.00 [m/s] / Max Vel 14E 83.90 [m/s] / Max Momentum (J=Rho*V2) 42.11 [m/s]\n        Required Area: 0.05 [m2] / Required Area 14E 0.01 [m2] / Req Area Momentum 0.02 [m2]\n        Required Diam: 9.57 [in] / Required Diam 14E 4.43 [in] / Required Diam Momentum 6.26 [in]\n"
  },
  {
   "CaseID": "3ETSTD-2",
   "GasFlow": 188,
   "MW": 18,
   "Z": 1,
   "Pressure": 4,
   "Temperature": 35,
   "Multiflow": true,
   "LLFlow": 1,
   "HLFlow": 1,
   "LLDens": 650,
   "HLDens": 1005,
   "MaxVel14E": 65.12654929137433,
   "MaxVelMomentum": 32.69251368664755,
   "MaxVel": 18,
   "ActGasFlow": 0.5038235516857411,
   "TotalFlow": 0.5038466998338892,
   "ReqArea14E": 0.007736425548660553,
   "ReqAreaMomentum": 0.015411684297609484,
   "ReqArea": 0.027991483324104956,
   "ReqDiam": 7.432489413653274,
   "ReqDiam14E": 3.907432801522755,
   "ReqDiamMomentum": 5.5150111490065,
   "DensactGas": 3.470748059607449,
   "DensMix": 3.5086063034117903,