{
 "Cas": [
  {
   "CaseID": "HP",
   "GasFlow": 1700,
   "MW": 18,
   "Z": 1,
   "Pressure": 30,
   "Temperature": 15,
   "Multiflow": true,
   "LLFlow": 1,
   "HLFlow": 1,
   "LLDens": 650,
   "HLDens": 1003,
   "MaxVel14E": 24.69695565597665,
   "MaxVelMomentum": 12.397487193575001,
   "MaxVel": 18,
   "ActGasFlow": 0.6488411089425034,
   "TotalFlow": 0.6488642570906514,
   "ReqArea14E": 0.026273046205742633,
   "ReqAreaMomentum": 0.052338368812909555,
   "ReqArea": 0.03604801428281397,
   "ReqDiam": 8.434551919878142,
   "ReqDiam14E": 7.200730508444158,
   "ReqDiamMomentum": 10.163222517757614,
   "DensactGas": 24.369929279719656,
   "DensMix": 24.398545165874907,
   "Results": "Case \"HP\"\n    Gas:\n        Gas flow: 1700 [E3M3D] @ Pressure: 30 [kgf/cm2g], Temperature: 15[°C], Gas MW: 18 [g/mol] / Z: 1.\n   Liquids:\n        Light Liquid Flow: 1 m3/d @ 650 [kg/m3] / Heavy Liquid Flow: 1 m3/d @ 1003 [kg/m3]\n   Results:\n        Actual Gas flow: 0.65 [Am3/s] / Total flow: 0.65 [m3/s].\n        Actual Gas Dens: 24.37 [kg/m3] / Dens mix (L/G): 24.40 [kg/m3]\n        Max Vel: 18.00 [m/s] / Max Vel 14E 24.70 [m/s] / Max Momentum (J=Rho*V2) 12.40 [m/s]\n        Required Area: 0.04 [m2] / Required Area 14E 0.03 [m2] / Req Area Momentum 0.05 [m2]\n        Required Diam: 8.43 [in] / Required Diam 14E 7.20 [in] / Required Diam Momentum 10.16 [in]\n"
  },
  {
   "CaseID": "PAMPA_MP",
   "GasFlow": 1700,
   "MW": 18,
   "Z": 1,
   "Pressure": 35,
   "Temperature": 50,
   "Multiflow": true,
   "LLFlow": 20,
   "HLFlow": 300,
   "LLDens": 650,
   "HLDens": 1005,
   "MaxVel14E": 21.95739158923661,
   "MaxVelMomentum": 11.022268688650945,
   "MaxVel": 18,
   "ActGasFlow": 0.6264997018725638,
   "TotalFlow": 0.6302034055762674,
   "ReqArea14E": 0.028701196269833324,
   "ReqAreaMomentum": 0.05717547116458475,
   "ReqArea": 0.03501130030979263,
   "ReqDiam": 8.312381421425558,
   "ReqDiam14E": 7.526123523873639,
   "ReqDiamMomentum": 10.622487257308112,
   "DensactGas": 25.238977594789095,
   "DensMix": 30.866634586356362,
   "Results": "Case \"PAMPA_MP\"\n    Gas:\n        Gas flow: 1700 [E3M3D] @ Pressure: 35 [kgf/cm2g], Temperature: 50[°C], Gas MW: 18 [g/mol] / Z: 1.\n   Liquids:\n        Light Liquid Flow: 20 m3/d @ 650 [kg/m3] / Heavy Liquid Flow: 300 m3/d @ 1005 [kg/m3]\n   Results:\n        Actual Gas flow: 0.63 [Am3/s] / Total flow: 0.63 [m3/s].\n        Actual Gas Dens: 25.24 [kg/m3] / Dens mix (L/G): 30.87 [kg/m3]\n        Max Vel: 18.00 [m/s] / Max Vel 14E 21.96 [m/s] / Max Momentum (J=Rho*V2) 11.02 [m/s]\n        Required Area: 0.04 [m2] / Required Area 14E 0.03 [m2] / Req Area Momentum 0.06 [m2]\n        Required Diam: 8.31 [in] / Required Diam 14E 7.53 [in] / Required Diam Momentum 10.62 [in]\n"
  },
  {
   "CaseID": "Air",
   "GasFlow": 92,
   "MW": 28,
   "Z": 1,
   "Pressure": 7,
   "Temperature": 25,
   "Multiflow": false,
   "LLFlow": 0,
   "HLFlow": 0,
   "LLDens": 0,
   "HLDens": 0,
   "MaxVel14E": 39.73236386012849,
   "MaxVelMomentum": 19.945028002153805,
   "MaxVel": 18,
   "ActGasFlow": 0.14120663117583077,
   "TotalFlow": 0.14120663117583077,
   "ReqArea14E": 0.00355394488163167,
   "ReqAreaMomentum": 0.007079791071768978,
   "ReqArea": 0.00784481284310171,
   "ReqDiam": 3.934709158227779,
   "ReqDiam14E": 2.6483579687060517,
   "ReqDiamMomentum": 3.737933437596707,
   "DensactGas": 9.426749508145761,
   "DensMix": 9.426749508145761,
   "Results": "Case \"Air\"\n    Gas:\n        Gas flow: 92 [E3M3D] @ Pressure: 7 [kgf/cm2g], Temperature: 25[°C], Gas MW: 28 [g/mol] / Z: 1.\n   Liquids:\n        Light Liquid Flow: 0 m3/d @ 0 [kg/m3] / Heavy Liquid Flow: 0 m3/d @ 0 [kg/m3]\n   Results:\n        Actual Gas flow: 0.14 [Am3/s] / Total flow: 0.14 [m3/s].\n        Actual Gas Dens: 9.43 [kg/m3] / Dens mix (L/G): 9.43 [kg/m3]\n        Max Vel: 18.00 [m/s] / Max Vel 14E 39.73 [m/s] / Max Momentum (J=Rho*V2) 19.95 [m/s]\n        Required Area: 0.01 [m2] / Required Area 14E 0.00 [m2] / Req Area Momentum 0.01 [m2]\n        Required Diam: 3.93 [in] / Required Diam 14E 2.65 [in] / Required Diam Momentum 3.74 [in]\n"
  },
  {
   "CaseID": "PAMPA_AP",
   "GasFlow": 1700,
   "MW": 18,
   "Z": 1,
   "Pressure": 90,
   "Temperature": 50,
   "Multiflow": true,
   "LLFlow": 20,
   "HLFlow": 300,
   "LLDens": 650,
   "HLDens": 1005,
   "MaxVel14E": 13.868755499381958,
   "MaxVelMomentum": 6.96189931623422,
   "MaxVel": 18,
   "ActGasFlow": 0.24771306186096734,
   "TotalFlow": 0.251416765564671,
   "ReqArea14E": 0.01812828595729985,
   "ReqAreaMomentum": 0.036113243548122086,
   "ReqArea": 0.013967598086926167,
   "ReqDiam": 5.250276886616482,
   "ReqDiam14E": 5.981356862775106,
   "ReqDiamMomentum": 8.44217967652211,
   "DensactGas": 63.83277417796614,
   "DensMix": 77.37056910787577,
   "Results": "Case \"PAMPA_AP\"\n    Gas:\n        Gas flow: 1700 [E3M3D] @ Pressure: 90 [kgf/cm2g], Temperature: 50[°C], Gas MW: 18 [g/mol] / Z: 1.\n   Liquids:\n        Light Liquid Flow: 20 m3/d @ 650 [kg/m3] / Heavy Liquid Flow: 300 m3/d @ 1005 [kg/m3]\n   Results:\n        Actual Gas flow: 0.25 [Am3/s] / Total flow: 0.25 [m3/s].\n        Actual Gas Dens: 63.83 [kg/m3] / Dens mix (L/G): 77.37 [kg/m3]\n        Max Vel: 18.00 [m/s] / Max Vel 14E 13.87 [m/s] / Max Momentum (J=Rho*V2) 6.96 [m/s]\n        Required Area: 0.01 [m2] / Required Area 14E 0.02 [m2] / Req Area Momentum 0.04 [m2]\n        Required Diam: 5.25 [in] / Required Diam 14E 5.98 [in] / Required Diam Momentum 8.44 [in]\n"
  },
  {
   "CaseID": "3ETSTD-1",
   "GasFlow": 188,
   "MW": 18,
   "Z": 1,
   "Pressure": 2,
   "Temperature": 35,
   "Multiflow": true,
   "LLFlow": 1,
   "HLFlow": 1,
   "LLDens": 650,
   "HLDens": 1000,
   "MaxVel14E": 82.09915877751028,
   "MaxVelMomentum": 41.21249937545041,
   "MaxVel": 18,
   "ActGasFlow": 0.8006319618393205,
   "TotalFlow": 0.8006551099874686,
   "ReqArea14E": 0.009752293712987409,
   "ReqAreaMomentum": 0.019427482490042943,
   "ReqArea": 0.044480839443748255,
   "ReqDiam": 9.369314777530555,
   "ReqDiam14E": 4.387071666160642,
   "ReqDiamMomentum": 6.191980868087507,
   "DensactGas": 2.1840804486253527,
   "DensMix": 2.2078692992388564,
   "Results": "Case \"3ETSTD-1\"\n    Gas:\n        Gas flow: 188 [E3M3D] @ Pressure: 2 [kgf/cm2g], Temperature: 35[°C], Gas MW: 18 [g/mol] / Z: 1.\n   Liquids:\n        Light Liquid Flow: 1 m3/d @ 650 [kg/m3] / Heavy Liquid Flow: 1 m3/d @ 1000 [kg/m3]\n   Results:\n        Actual Gas flow: 0.80 [Am3/s] / Total flow: 0.80 [m3/s].\n        Actual Gas Dens: 2.18 [kg/m3] / Dens mix (L/G): 2.21 [kg/m3]\n        Max Vel: 18.00 [m/s] / Max Vel 14E 82.10 [m/s] / Max Momentum (J=Rho*V2) 41.21 [m/s]\n        Required Area: 0.04 [m2] / Required Area 14E 0.01 [m2] / Req Area Momentum 0.02 [m2]\n        Required Diam: 9.37 [in] / Required Diam 14E 4.39 [in] / Required Diam Momentum 6.19 [in]\n"
  },
  {
   "CaseID": "3ETSTD-2",
   "GasFlow": 188,
   "MW": 18,
   "Z": 1,
   "Pressure": 4,
   "Temperature": 35,
   "Multiflow": true,
   "LLFlow": 1,
   "HLFlow": 1,
   "LLDens": 650,
   "HLDens": 1005,
   "MaxVel14E": 63.456860293169186,
   "MaxVelMomentum": 31.854355807561262,
   "MaxVel": 18,
   "ActGasFlow": 0.47831987431787926,
   "TotalFlow": 0.47834302246602745,
   "ReqArea14E": 0.007538082096342209,
   "ReqAreaMomentum": 0.01501656556346003,
   "ReqArea": 0.026574612359223745,
   "ReqDiam": 7.2419381570876675,
   "ReqDiam14E": 3.8570189640188812,
   "ReqDiamMomentum": 5.443856278271497,
   "DensactGas": 3.6558058911758997,
   "DensMix": 3.6956736566925943,